parkSpotId,available
1,True
2,False
3,False
4,False
5,True
6,False
7,False
8,False
9,True
10,False
11,False
12,False
13,False
14,False
15,True
16,False
17,False
18,False
19,False
20,False
21,False
22,True
23,False
24,False
25,False
26,False
27,False
28,False
29,False
30,False
31,True
32,False
33,False
34,False
35,True
36,False
37,False
38,True
39,False
40,False
41,False
42,False
43,False
44,True
45,False
46,False
47,False
48,False
49,False
50,False
51,False
52,False
53,True
54,True
55,True
56,True
57,False
58,False
59,True
60,False